<?xml version="1.0" encoding="UTF-8"?>
<project-private xmlns="http://www.netbeans.org/ns/project-private/1">
    <editor-bookmarks xmlns="http://www.netbeans.org/ns/editor-bookmarks/2" lastBookmarkId="0"/>
    <open-files xmlns="http://www.netbeans.org/ns/projectui-open-files/2">
        <group>
            <file>file:/home/user1lock/Downloads/down/projetos/github/jkustodyo/CIOB/RegistroAluno/src/Javabeans/Aluno.java</file>
            <file>file:/home/user1lock/Downloads/down/projetos/github/jkustodyo/CIOB/RegistroAluno/src/DAO/MateriaDAO.java</file>
            <file>file:/home/user1lock/Downloads/down/projetos/github/jkustodyo/CIOB/RegistroAluno/src/JDBC/ConnectionFactory.java</file>
            <file>file:/home/user1lock/Downloads/down/projetos/github/jkustodyo/CIOB/RegistroAluno/src/Projeto_CRUD/Projeto_CRUD.java</file>
            <file>file:/home/user1lock/Downloads/down/projetos/github/jkustodyo/CIOB/RegistroAluno/src/Javabeans/Materia.java</file>
        </group>
    </open-files>
</project-private>
